Sample_ID,Capture_Date,Capture_Clock,Capture_Stamp,Symbol,TF,Owner_TF,Pattern,Direction,D_Time,D_Price,Digits,Pip_Size,Mother_Pips,Leg_AB,Leg_BC,Leg_CD,Ratio_BC_AB,Ratio_CD_BC,K,Step_Mother,Step_Pattern,Step_Pips,Target_1,Target_3,Target_5,Target_7,Actual_Turn,Error_Pips,Rungs_Hit,Folder,Log_File,Screenshot
Sample_001,2026.10.05,17:01,20261005-1701,EURUSD,M5,H1,ABCD_Pattern_7040265,down,2026.09.01 17:10,1.16075,5,0.0001,22.2,13.1,13.1,19.9,0.994,1.526,3.500,22.2,5.7,11.2,1.15963,1.15738,1.15513,1.15288,1.15803,6.5,,20261005-1701_EURUSD_M5_S001_ABCD_Pattern_7040265,Sample_001.txt,Sample_001_EURUSD_M5.png
Sample_002,2026.10.05,17:01,20261005-1701,EURUSD,M5,H1,ABCD_Pattern_7040265,down,2026.09.01 17:10,1.16075,5,0.0001,22.2,13.1,13.1,19.9,0.994,1.526,3.500,22.2,5.7,11.2,1.15963,1.15738,1.15513,1.15288,1.15803,6.5,,20261005-1701_EURUSD_M5_S002_ABCD_Pattern_7040265,Sample_002.txt,Sample_002_EURUSD_M5.png
Sample_003,2026.10.05,17:15,20261005-1715,EURUSD,M5,H1,ABCD_Pattern_7040265,down,2026.09.01 17:10,1.16075,5,0.0001,22.2,13.1,13.1,19.9,0.994,1.526,3.500,22.2,5.7,11.2,1.15963,1.15738,1.15513,1.15288,1.15803,6.5,,20261005-1715_EURUSD_M5_S003_ABCD_Pattern_7040265,Sample_003.txt,Sample_003_EURUSD_M5.png
Sample_004,2026.10.05,17:15,20261005-1715,EURUSD,M5,H1,ABCD_Pattern_7040265,down,2026.09.01 17:10,1.16075,5,0.0001,22.2,13.1,13.1,19.9,0.994,1.526,3.500,22.2,5.7,11.2,1.15963,1.15738,1.15513,1.15288,1.15803,6.5,,20261005-1715_EURUSD_M5_S004_ABCD_Pattern_7040265,Sample_004.txt,Sample_004_EURUSD_M5.png
Sample_005,2026.10.05,17:16,20261005-1716,EURUSD,M5,H1,ABCD_Pattern_7040265,down,2026.09.01 17:10,1.16075,5,0.0001,22.2,13.1,13.1,19.9,0.994,1.526,3.500,22.2,5.7,11.2,1.15963,1.15738,1.15513,1.15288,1.15803,6.5,,20261005-1716_EURUSD_M5_S005_ABCD_Pattern_7040265,Sample_005.txt,Sample_005_EURUSD_M5.png
Sample_006,2026.10.05,17:20,20261005-1720,EURUSD,M5,H1,ABCD_Pattern_7040265,down,2026.09.01 17:10,1.16075,5,0.0001,22.2,13.1,13.1,19.9,0.994,1.526,3.500,22.2,5.7,11.2,1.15963,1.15738,1.15513,1.15288,1.15803,6.5,,20261005-1720_EURUSD_M5_S006_ABCD_Pattern_7040265,Sample_006.txt,Sample_006_EURUSD_M5.png
Sample_007,2026.10.05,17:20,20261005-1720,EURUSD,M5,H1,ABCD_Pattern_7040265,down,2026.09.01 17:10,1.16075,5,0.0001,22.2,13.1,13.1,19.9,0.994,1.526,3.500,22.2,5.7,11.2,1.15963,1.15738,1.15513,1.15288,1.15803,6.5,,20261005-1720_EURUSD_M5_S007_ABCD_Pattern_7040265,Sample_007.txt,Sample_007_EURUSD_M5.png
Sample_008,2026.10.05,17:20,20261005-1720,EURUSD,M5,H1,ABCD_Pattern_7040265,down,2026.09.01 17:10,1.16075,5,0.0001,22.2,13.1,13.1,19.9,0.994,1.526,3.500,22.2,5.7,11.2,1.15963,1.15738,1.15513,1.15288,1.15803,6.5,,20261005-1720_EURUSD_M5_S008_ABCD_Pattern_7040265,Sample_008.txt,Sample_008_EURUSD_M5.png
Sample_009,2026.10.05,17:20,20261005-1720,EURUSD,M5,H1,ABCD_Pattern_7040265,down,2026.09.01 17:10,1.16075,5,0.0001,22.2,13.1,13.1,19.9,0.994,1.526,3.500,22.2,5.7,11.2,1.15963,1.15738,1.15513,1.15288,1.15803,6.5,,20261005-1720_EURUSD_M5_S009_ABCD_Pattern_7040265,Sample_009.txt,Sample_009_EURUSD_M5.png
Sample_010,2026.10.05,17:22,20261005-1722,EURUSD,M5,H1,ABCD_Pattern_7040265,down,2026.09.01 17:10,1.16075,5,0.0001,21.7,13.1,13.1,19.9,0.994,1.526,3.500,21.7,5.7,11.1,1.15964,1.15741,1.15518,1.15296,1.15803,6.2,,20261005-1722_EURUSD_M5_S010_ABCD_Pattern_7040265,Sample_010.txt,Sample_010_EURUSD_M5.png
Sample_011,2026.10.05,17:22,20261005-1722,EURUSD,M5,H1,ABCD_Pattern_7040265,down,2026.09.01 17:10,1.16075,5,0.0001,21.7,13.1,13.1,19.9,0.994,1.526,3.500,21.7,5.7,11.1,1.15964,1.15741,1.15518,1.15296,1.15803,6.2,,20261005-1722_EURUSD_M5_S011_ABCD_Pattern_7040265,Sample_011.txt,Sample_011_EURUSD_M5.png
Sample_012,2026.10.05,17:22,20261005-1722,EURUSD,M5,H1,ABCD_Pattern_7040265,down,2026.09.01 17:10,1.16075,5,0.0001,21.7,13.1,13.1,19.9,0.994,1.526,3.500,21.7,5.7,11.1,1.15964,1.15741,1.15518,1.15296,1.15803,6.2,,20261005-1722_EURUSD_M5_S012_ABCD_Pattern_7040265,Sample_012.txt,Sample_012_EURUSD_M5.png
Sample_013,2026.10.05,17:23,20261005-1723,EURUSD,M5,H1,ABCD_Pattern_7040265,down,2026.09.01 17:10,1.16075,5,0.0001,21.7,13.1,13.1,19.9,0.994,1.526,3.500,21.7,5.7,11.1,1.15964,1.15741,1.15518,1.15296,1.15803,6.2,,20261005-1723_EURUSD_M5_S013_ABCD_Pattern_7040265,Sample_013.txt,Sample_013_EURUSD_M5.png
Sample_014,2026.10.05,17:23,20261005-1723,EURUSD,M5,H1,ABCD_Pattern_7040265,down,2026.09.01 17:10,1.16075,5,0.0001,21.7,13.1,13.1,19.9,0.994,1.526,3.500,21.7,5.7,11.1,1.15964,1.15741,1.15518,1.15296,1.15803,6.2,,20261005-1723_EURUSD_M5_S014_ABCD_Pattern_7040265,Sample_014.txt,Sample_014_EURUSD_M5.png
Sample_015,2026.10.05,17:25,20261005-1725,EURUSD,M5,H1,ABCD_Pattern_7040265,down,2026.09.01 17:10,1.16075,5,0.0001,21.7,13.1,13.1,19.9,0.994,1.526,3.500,21.7,5.7,11.1,1.15964,1.15741,1.15518,1.15296,1.15803,6.2,,20261005-1725_EURUSD_M5_S015_ABCD_Pattern_7040265,Sample_015.txt,Sample_015_EURUSD_M5.png
Sample_016,2026.10.05,17:25,20261005-1725,EURUSD,M5,H1,ABCD_Pattern_7040265,down,2026.09.01 17:10,1.16075,5,0.0001,21.7,13.1,13.1,19.9,0.994,1.526,3.500,21.7,5.7,11.1,1.15964,1.15741,1.15518,1.15296,1.15803,6.2,,20261005-1725_EURUSD_M5_S016_ABCD_Pattern_7040265,Sample_016.txt,Sample_016_EURUSD_M5.png
Sample_017,2026.10.05,17:26,20261005-1726,EURUSD,M5,H1,ABCD_Pattern_7040265,down,2026.09.01 17:10,1.16075,5,0.0001,21.7,13.1,13.1,19.9,0.994,1.526,3.500,21.7,5.7,11.1,1.15964,1.15741,1.15518,1.15296,1.15803,6.2,,20261005-1726_EURUSD_M5_S017_ABCD_Pattern_7040265,Sample_017.txt,Sample_017_EURUSD_M5.png
Sample_018,2026.10.05,17:26,20261005-1726,EURUSD,M5,H1,ABCD_Pattern_7040265,down,2026.09.01 17:10,1.16075,5,0.0001,21.7,13.1,13.1,19.9,0.994,1.526,3.500,21.7,5.7,11.1,1.15964,1.15741,1.15518,1.15296,1.15803,6.2,,20261005-1726_EURUSD_M5_S018_ABCD_Pattern_7040265,Sample_018.txt,Sample_018_EURUSD_M5.png
Sample_019,2026.10.05,17:26,20261005-1726,EURUSD,M5,H1,ABCD_Pattern_7040265,down,2026.09.01 17:10,1.16075,5,0.0001,21.7,13.1,13.1,19.9,0.994,1.526,3.500,21.7,5.7,11.1,1.15964,1.15741,1.15518,1.15296,1.15803,6.2,,20261005-1726_EURUSD_M5_S019_ABCD_Pattern_7040265,Sample_019.txt,Sample_019_EURUSD_M5.png
Sample_020,2026.10.05,17:26,20261005-1726,EURUSD,M5,H1,ABCD_Pattern_7040265,down,2026.09.01 17:10,1.16075,5,0.0001,21.7,13.1,13.1,19.9,0.994,1.526,3.500,21.7,5.7,11.1,1.15964,1.15741,1.15518,1.15296,1.15803,6.2,,20261005-1726_EURUSD_M5_S020_ABCD_Pattern_7040265,Sample_020.txt,Sample_020_EURUSD_M5.png
