Sample_ID,Symbol,TF,DateTime_D,Mother_Pips,LegAB,LegBC,LegCD,Ratio,K,Step_Pips,L3_Target,Actual_Turn,Error_Pips,Screenshot_Path
Sample_001,EURUSD,M5,2026.09.01 17:10,22.2,13.1,13.1,19.9,1.526,3.500,11.2,1.15738,1.15803,6.5,TH3_Dataset/Screenshots/Sample_001_EURUSD_M5.png
Sample_002,EURUSD,M5,2026.09.01 17:10,22.2,13.1,13.1,19.9,1.526,3.500,11.2,1.15738,1.15803,6.5,TH3_Dataset/Screenshots/Sample_002_EURUSD_M5.png
Sample_003,EURUSD,M5,2026.09.01 17:10,22.2,13.1,13.1,19.9,1.526,3.500,11.2,1.15738,1.15803,6.5,TH3_Dataset/Screenshots/Sample_003_EURUSD_M5.png
Sample_004,EURUSD,M5,2026.09.01 17:10,22.2,13.1,13.1,19.9,1.526,3.500,11.2,1.15738,1.15803,6.5,TH3_Dataset/Screenshots/Sample_004_EURUSD_M5.png
Sample_005,EURUSD,M5,2026.09.01 17:10,22.2,13.1,13.1,19.9,1.526,3.500,11.2,1.15738,1.15803,6.5,TH3_Dataset/Screenshots/Sample_005_EURUSD_M5.png
Sample_006,EURUSD,M5,2026.09.01 17:10,22.2,13.1,13.1,19.9,1.526,3.500,11.2,1.15738,1.15803,6.5,TH3_Dataset/Screenshots/Sample_006_EURUSD_M5.png
Sample_007,EURUSD,M5,2026.09.01 17:10,22.2,13.1,13.1,19.9,1.526,3.500,11.2,1.15738,1.15803,6.5,TH3_Dataset/Screenshots/Sample_007_EURUSD_M5.png
Sample_008,EURUSD,M5,2026.09.01 17:10,22.2,13.1,13.1,19.9,1.526,3.500,11.2,1.15738,1.15803,6.5,TH3_Dataset/Screenshots/Sample_008_EURUSD_M5.png
Sample_009,EURUSD,M5,2026.09.01 17:10,22.2,13.1,13.1,19.9,1.526,3.500,11.2,1.15738,1.15803,6.5,TH3_Dataset/Screenshots/Sample_009_EURUSD_M5.png
Sample_010,EURUSD,M5,2026.09.01 17:10,21.7,13.1,13.1,19.9,1.526,3.500,11.1,1.15741,1.15803,6.2,TH3_Dataset/Screenshots/Sample_010_EURUSD_M5.png
Sample_011,EURUSD,M5,2026.09.01 17:10,21.7,13.1,13.1,19.9,1.526,3.500,11.1,1.15741,1.15803,6.2,TH3_Dataset/Screenshots/Sample_011_EURUSD_M5.png
Sample_012,EURUSD,M5,2026.09.01 17:10,21.7,13.1,13.1,19.9,1.526,3.500,11.1,1.15741,1.15803,6.2,TH3_Dataset/Screenshots/Sample_012_EURUSD_M5.png
Sample_013,EURUSD,M5,2026.09.01 17:10,21.7,13.1,13.1,19.9,1.526,3.500,11.1,1.15741,1.15803,6.2,TH3_Dataset/Screenshots/Sample_013_EURUSD_M5.png
Sample_014,EURUSD,M5,2026.09.01 17:10,21.7,13.1,13.1,19.9,1.526,3.500,11.1,1.15741,1.15803,6.2,TH3_Dataset/Screenshots/Sample_014_EURUSD_M5.png
Sample_015,EURUSD,M5,2026.09.01 17:10,21.7,13.1,13.1,19.9,1.526,3.500,11.1,1.15741,1.15803,6.2,TH3_Dataset/Screenshots/Sample_015_EURUSD_M5.png
Sample_016,EURUSD,M5,2026.09.01 17:10,21.7,13.1,13.1,19.9,1.526,3.500,11.1,1.15741,1.15803,6.2,TH3_Dataset/Screenshots/Sample_016_EURUSD_M5.png
Sample_017,EURUSD,M5,2026.09.01 17:10,21.7,13.1,13.1,19.9,1.526,3.500,11.1,1.15741,1.15803,6.2,TH3_Dataset/Screenshots/Sample_017_EURUSD_M5.png
Sample_018,EURUSD,M5,2026.09.01 17:10,21.7,13.1,13.1,19.9,1.526,3.500,11.1,1.15741,1.15803,6.2,TH3_Dataset/Screenshots/Sample_018_EURUSD_M5.png
Sample_019,EURUSD,M5,2026.09.01 17:10,21.7,13.1,13.1,19.9,1.526,3.500,11.1,1.15741,1.15803,6.2,TH3_Dataset/Screenshots/Sample_019_EURUSD_M5.png
Sample_020,EURUSD,M5,2026.09.01 17:10,21.7,13.1,13.1,19.9,1.526,3.500,11.1,1.15741,1.15803,6.2,TH3_Dataset/Screenshots/Sample_020_EURUSD_M5.png
